Date,Ticker,investment_amount,current_price,market_signal,trend_score,risk_score,volume_ratio,macd_signal,rsi,price_position
2025/02/11 12:34,VOO,1426.13,556.15,持平,55.19,45.93,0.64,看多,55.14,强势
2025/02/11 12:34,QQQ,1500.00,529.25,买入,63.83,47.02,0.66,看多,55.93,强势
2025/02/11 12:34,VGT,1090.71,628.86,买入,65.60,63.46,0.72,看多,52.25,弱势
2025/02/11 12:34,NTES,806.99,104.93,谨慎,35.31,46.38,0.84,看空,62.40,强势
2025/02/11 12:34,BIDU,1113.54,93.85,买入,60.39,55.25,1.35,看多,60.03,强势
2025/02/11 12:34,INTC,579.61,19.77,谨慎,47.60,62.73,0.98,看空,46.88,弱势
2025/02/11 12:34,AAPL,528.38,227.65,谨慎,46.77,74.13,0.56,看多,42.03,弱势
2025/02/11 12:34,TSLA,945.01,350.73,谨慎,42.50,44.77,1.07,看空,35.02,弱势
2025/02/11 12:34,MSFT,500.00,412.22,谨慎,40.20,74.49,0.87,看空,41.06,弱势
2025/02/11 12:34,AMZN,951.47,233.14,谨慎,38.88,37.04,0.94,看空,52.65,强势
2025/02/11 12:34,GOOGL,500.00,186.47,谨慎,44.83,73.88,0.77,看空,42.42,强势
2025/02/11 12:34,NVDA,500.00,133.57,谨慎,50.63,81.19,0.71,看多,51.98,弱势
2025/02/11 12:34,PLTR,500.00,116.65,谨慎,0.00,30.00,1.17,看多,82.13,强势
2025/02/11 12:34,AAPL,528.38,227.65,谨慎,46.77,74.13,0.56,看多,42.03,弱势
2025/02/11 12:34,SONY,1342.91,22.42,持平,54.98,47.81,0.92,看多,60.16,强势
2025/02/11 12:34,QCOM,1182.66,171.36,谨慎,47.32,28.24,0.75,看空,56.46,强势
2025/02/11 12:34,TSM,500.00,207.95,卖出 || 观望,35.94,77.68,0.48,看空,50.95,强势
2025/02/11 12:34,SPOT,500.00,637.69,谨慎,2.26,40.81,0.95,看多,86.88,强势
2025/02/11 12:34,TCEHY,1479.70,56.50,谨慎,54.46,19.65,1.31,看多,68.16,弱势
2025/02/11 12:34,NFLX,905.23,1027.60,谨慎,31.54,38.01,0.69,看多,75.98,强势
2025/02/11 12:34,META,909.43,717.40,谨慎,28.36,5.67,0.77,看多,80.22,强势
2025/02/11 12:34,AMZN,951.47,233.14,谨慎,38.88,37.04,0.94,看空,52.65,强势
2025/02/17 10:38,VOO,1500.00,560.69,买入,64.52,43.24,0.68,看多,59.00,强势
2025/02/17 10:38,QQQ,1500.00,538.15,买入,62.08,43.04,0.61,看多,61.93,强势
2025/02/17 10:38,XLK,1111.28,239.97,买入,64.45,57.39,0.52,看多,58.30,弱势
2025/02/17 10:38,IGV,1500.00,106.76,谨慎,59.07,43.66,0.56,看多,61.07,强势
2025/02/17 10:38,NTES,964.93,103.50,谨慎,39.24,28.10,1.26,看空,54.96,强势
2025/02/17 10:38,BIDU,980.95,97.48,谨慎,56.40,62.94,2.11,看多,62.24,强势
2025/02/17 10:38,INTC,500.00,23.60,谨慎,47.40,64.40,2.21,看多,68.27,强势
2025/02/17 10:38,AAPL,1067.03,244.60,买入,61.40,63.02,0.70,看多,60.63,弱势
2025/02/17 10:38,TSLA,943.36,355.84,谨慎,39.58,41.25,0.89,看空,41.47,弱势
2025/02/17 10:38,MSFT,500.00,408.43,谨慎,41.16,72.35,0.92,看空,39.13,弱势
2025/02/17 10:38,AMZN,1024.47,228.68,谨慎,43.06,38.29,0.71,看空,47.46,强势
2025/02/17 10:38,GOOGL,500.00,185.23,谨慎,45.92,72.05,0.68,看空,42.30,强势
2025/02/17 10:38,NVDA,500.00,138.85,谨慎,49.97,77.11,0.65,看多,56.56,弱势
2025/02/17 10:38,PLTR,500.00,119.16,谨慎,0.00,34.19,0.75,看多,78.73,强势
2025/02/17 10:38,SONY,500.07,24.14,谨慎,35.02,52.07,1.26,看多,70.84,强势
2025/02/17 10:38,QCOM,1196.88,172.23,谨慎,47.61,23.53,0.58,看空,57.09,强势
2025/02/17 10:38,TSM,500.00,203.90,卖出 || 观望,39.80,80.45,1.32,看空,47.93,强势
2025/02/17 10:38,SPOT,500.00,638.18,谨慎,13.12,44.40,0.92,看多,76.33,强势
2025/02/17 10:38,KO,628.57,68.87,谨慎,48.60,63.41,1.20,看多,72.42,强势
2025/02/17 10:38,MCD,1141.08,308.55,谨慎,59.70,53.93,0.81,看多,69.08,强势
2025/02/17 10:38,TCEHY,500.00,61.53,谨慎,33.04,29.18,2.21,看多,75.88,强势
2025/02/17 10:38,NFLX,905.79,1058.60,谨慎,30.15,35.68,0.66,看多,75.62,强势
2025/02/17 10:38,META,500.00,736.67,谨慎,27.44,4.81,0.99,看多,83.98,强势
2025/02/17 10:38,AMZN,1024.47,228.68,谨慎,43.06,38.29,0.71,看空,47.46,强势
2025/02/19 18:17,VOO,1500.00,562.31,涔板,64.20,42.19,0.80,澶,60.51,寮哄
2025/02/19 18:17,QQQ,1500.00,539.37,涔板,61.92,41.22,0.74,澶,62.73,寮哄
2025/02/19 18:17,XLK,1127.17,242.16,涔板,63.20,55.83,0.69,澶,61.02,寮卞
2025/02/19 18:17,IGV,1500.00,107.83,璋ㄦ,57.77,42.69,0.98,澶,63.98,寮哄
2025/02/19 18:17,NTES,948.59,104.63,璋ㄦ,37.82,27.54,1.80,绌,56.93,寮哄
2025/02/19 18:17,BIDU,548.30,90.16,璋ㄦ,68.90,76.62,2.51,澶,50.94,寮哄
2025/02/19 18:17,INTC,500.00,27.39,璋ㄦ,22.53,46.48,2.57,澶,78.76,寮哄
2025/02/19 18:17,AAPL,1070.08,244.47,涔板,61.75,63.10,0.85,澶,60.45,寮卞
2025/02/19 18:17,TSLA,966.46,354.11,璋ㄦ,40.06,37.48,0.70,绌,40.97,寮卞
2025/02/19 18:17,MSFT,500.00,409.64,璋ㄦ,40.58,71.44,0.88,绌,40.43,寮卞
2025/02/19 18:17,AMZN,1071.38,226.65,璋ㄦ,44.58,37.13,1.14,绌,45.08,寮哄
2025/02/19 18:17,GOOGL,543.05,183.77,璋ㄦ,47.04,71.88,0.99,绌,40.81,寮哄
2025/02/19 18:17,NVDA,500.00,139.40,璋ㄦ,49.49,76.69,0.73,澶,57.02,寮卞
2025/02/19 18:17,PLTR,500.00,124.62,璋ㄦ,0.00,30.00,0.95,澶,81.08,寮哄
2025/02/19 18:17,SONY,566.46,24.52,璋ㄦ,33.17,50.76,1.68,澶,72.82,寮哄
2025/02/19 18:17,QCOM,1157.24,173.64,璋ㄦ,46.59,21.61,0.91,绌,59.27,寮哄
2025/02/19 18:17,TSM,500.00,202.74,璋ㄦ,40.70,81.06,0.87,绌,46.97,寮哄
2025/02/19 18:17,SPOT,500.00,630.56,璋ㄦ,16.48,46.88,0.84,澶,72.41,寮哄
2025/02/19 18:17,KO,627.40,69.05,璋ㄦ,48.57,63.32,0.90,澶,72.91,寮哄
2025/02/19 18:17,MCD,1099.83,304.83,涔板,61.91,56.97,1.02,澶,62.31,寮哄
2025/02/19 18:17,TCEHY,500.00,64.45,璋ㄦ,26.07,28.47,2.06,澶,79.85,寮哄
2025/02/19 18:17,NFLX,1050.71,1035.85,璋ㄦ,44.65,41.91,0.88,澶,66.60,寮哄
2025/02/19 18:17,META,960.54,716.37,璋ㄦ,37.90,8.34,1.27,澶,68.10,寮哄
2025/02/19 18:17,AMZN,1071.38,226.65,璋ㄦ,44.58,37.13,1.14,绌,45.08,寮哄
2025/02/20 10:04,VOO,1500.00,563.67,涔板,63.94,41.17,0.81,澶,61.79,寮哄
2025/02/20 10:04,QQQ,1500.00,539.52,涔板,62.05,41.13,0.71,澶,62.84,寮哄
2025/02/20 10:04,XLK,1131.98,242.18,涔板,63.32,55.63,0.65,澶,61.05,寮哄
2025/02/20 10:04,IGV,1500.00,105.94,涔板,60.73,45.98,1.01,澶,56.02,寮哄
2025/02/20 10:04,NTES,959.12,104.17,璋ㄦ,38.80,28.26,0.88,绌,55.86,寮哄
2025/02/20 10:04,BIDU,500.00,88.03,璋ㄦ,52.58,79.14,1.26,绌,48.20,寮哄
2025/02/20 10:04,INTC,500.00,25.72,璋ㄦ,44.70,55.08,1.34,澶,68.08,寮哄
2025/02/20 10:04,AAPL,1099.06,244.87,涔板,61.85,56.99,0.59,澶,60.84,寮卞
2025/02/20 10:04,TSLA,932.25,360.56,璋ㄦ,37.15,37.86,0.92,绌,43.67,寮卞
2025/02/20 10:04,MSFT,625.94,414.77,璋ㄦ,48.66,71.00,0.99,绌,45.71,寮卞
2025/02/20 10:04,AMZN,1077.88,226.63,璋ㄦ,44.65,34.75,0.77,绌,45.06,寮哄
2025/02/20 10:04,GOOGL,500.00,185.27,璋ㄦ,45.77,71.00,0.66,绌,43.03,寮哄
2025/02/20 10:04,NVDA,500.00,139.23,璋ㄦ,49.73,76.73,0.56,澶,56.82,寮卞
2025/02/20 10:04,PLTR,500.00,112.06,璋ㄦ,1.94,46.02,1.46,澶,63.65,寮哄
2025/02/20 10:04,SONY,601.39,24.72,璋ㄦ,32.58,50.15,0.95,澶,73.83,寮哄
2025/02/20 10:04,QCOM,1115.59,175.22,璋ㄦ,45.41,20.08,0.86,绌,61.62,寮哄
2025/02/20 10:04,TSM,500.00,200.95,璋ㄦ,41.95,81.94,0.78,绌,45.47,寮哄
2025/02/20 10:04,SPOT,500.00,642.73,璋ㄦ,4.51,45.06,0.60,澶,74.65,寮哄
2025/02/20 10:04,KO,539.67,70.07,璋ㄦ,46.69,61.91,0.94,澶,75.55,寮哄
2025/02/20 10:04,MCD,1093.91,301.94,涔板,63.63,59.01,0.92,澶,57.58,寮哄
2025/02/20 10:04,TCEHY,500.00,63.27,璋ㄦ,30.49,33.82,1.12,澶,74.52,寮哄
2025/02/20 10:04,NFLX,1042.31,1043.33,璋ㄦ,44.25,41.42,0.59,澶,67.96,寮哄
2025/02/20 10:04,META,916.34,703.77,璋ㄦ,31.47,10.61,1.00,绌,60.45,寮哄
2025/02/20 10:04,AMZN,1077.88,226.63,璋ㄦ,44.65,34.75,0.77,绌,45.06,寮哄
2025/02/21 11:16,VOO,1500.00,561.30,涔板,64.67,41.59,0.94,澶,58.26,寮哄
2025/02/21 11:16,QQQ,1500.00,537.23,涔板,62.84,40.74,0.97,澶,60.08,寮哄
2025/02/21 11:16,XLK,1192.89,241.41,涔板,63.88,53.58,0.71,澶,59.46,寮卞
2025/02/21 11:16,IGV,874.38,104.00,璋ㄦ,43.65,47.55,1.94,澶,49.24,寮哄
2025/02/21 11:16,NTES,1036.75,101.42,璋ㄦ,43.20,33.64,1.63,绌,49.81,寮哄
2025/02/21 11:16,BIDU,500.00,89.65,璋ㄦ,50.04,77.38,1.39,绌,50.39,寮哄
2025/02/21 11:16,INTC,500.00,26.09,璋ㄦ,43.06,53.93,1.24,澶,69.08,寮哄
2025/02/21 11:16,AAPL,1101.48,245.83,涔板,61.58,56.62,0.61,澶,61.80,寮卞
2025/02/21 11:16,TSLA,954.30,354.40,璋ㄦ,39.53,39.05,0.63,绌,41.71,寮卞
2025/02/21 11:16,MSFT,1018.62,416.13,璋ㄦ,57.95,62.14,0.98,澶,47.05,寮卞
2025/02/21 11:16,AMZN,1008.93,222.88,璋ㄦ,42.14,35.34,0.82,绌,40.70,寮哄
2025/02/21 11:16,GOOGL,507.77,184.56,璋ㄦ,46.26,71.40,0.69,绌,42.23,寮哄
2025/02/21 11:16,NVDA,500.00,140.11,璋ㄦ,43.66,76.00,0.49,澶,57.66,寮卞
2025/02/21 11:16,PLTR,500.00,106.27,璋ㄦ,1.48,53.98,2.37,澶,57.51,寮哄
2025/02/21 11:16,SONY,647.14,24.92,璋ㄦ,32.02,49.36,0.67,澶,74.84,寮哄
2025/02/21 11:16,QCOM,1169.37,173.70,璋ㄦ,46.89,20.40,0.80,绌,58.14,寮哄
2025/02/21 11:16,TSM,500.00,200.10,璋ㄦ,42.41,82.32,0.64,绌,44.74,寮哄
2025/02/21 11:16,SPOT,500.00,636.77,璋ㄦ,7.36,48.32,0.84,澶,71.59,寮哄
2025/02/21 11:16,KO,568.74,70.04,璋ㄦ,47.27,60.96,0.80,澶,75.32,寮哄
2025/02/21 11:16,MCD,1096.95,303.05,涔板,63.29,58.27,0.93,澶,58.87,寮哄
2025/02/21 11:16,TCEHY,500.00,65.20,璋ㄦ,26.40,31.12,1.65,澶,77.20,寮哄
2025/02/21 11:16,NFLX,907.58,1024.54,璋ㄦ,27.77,10.89,0.80,绌,61.25,寮哄
2025/02/21 11:16,META,927.23,694.84,璋ㄦ,34.09,12.29,0.72,绌,55.68,寮哄
2025/02/21 11:16,AMZN,1008.93,222.88,璋ㄦ,42.14,35.34,0.82,绌,40.70,寮哄
2025/02/25 14:10,VOO,775.64,549.14,璋ㄦ,33.01,46.94,1.00,绌,44.11,寮哄
2025/02/25 14:10,QQQ,804.95,519.87,璋ㄦ,42.93,48.51,1.32,绌,43.94,寮哄
2025/02/25 14:10,XLK,500.00,231.51,璋ㄦ,35.14,61.84,0.87,绌,43.46,寮卞
2025/02/25 14:10,IGV,500.00,99.20,璋ㄦ,35.58,59.03,1.41,绌,37.05,寮哄
2025/02/25 14:10,NTES,1164.80,98.89,璋ㄦ,47.19,38.78,1.89,绌,45.09,寮哄
2025/02/25 14:10,BIDU,500.00,87.87,璋ㄦ,53.16,79.41,0.98,绌,47.84,寮哄
2025/02/25 14:10,INTC,500.00,24.27,璋ㄦ,56.57,63.56,0.75,澶,59.03,寮哄
2025/02/25 14:10,AAPL,1113.67,247.10,涔板,61.46,55.81,0.98,澶,63.02,寮卞
2025/02/25 14:10,TSLA,707.49,330.53,璋ㄦ,38.96,49.00,1.02,绌,34.99,寮卞
2025/02/25 14:10,MSFT,500.00,404.00,璋ㄦ,41.34,65.77,1.05,绌,38.57,寮卞
2025/02/25 14:10,AMZN,900.13,212.71,璋ㄦ,38.67,43.89,1.09,绌,31.52,寮哄
2025/02/25 14:10,GOOGL,500.00,179.25,璋ㄦ,50.13,75.16,0.99,绌,36.65,寮卞
2025/02/25 14:10,NVDA,500.00,130.28,璋ㄦ,54.52,83.06,0.84,澶,46.43,寮卞
2025/02/25 14:10,PLTR,500.00,90.68, || 瑙,16.75,73.56,1.65,绌,44.42,寮哄
2025/02/25 14:10,SONY,798.31,24.80,璋ㄦ,34.37,46.50,0.65,澶,72.85,寮哄
2025/02/25 14:10,QCOM,1415.66,161.10,璋ㄦ,52.71,39.50,1.17,绌,38.34,寮哄
2025/02/25 14:10,TSM,500.00,191.65, || 瑙,38.30,86.35,0.89,绌,37.83,寮卞
2025/02/25 14:10,SPOT,500.00,601.61,璋ㄦ,18.78,65.10,0.88,绌,56.64,寮哄
2025/02/25 14:10,KO,557.73,70.59,璋ㄦ,47.12,62.47,1.25,澶,72.69,寮哄
2025/02/25 14:10,MCD,1098.94,307.57,涔板,61.45,56.71,1.02,澶,63.91,寮哄
2025/02/25 14:10,TCEHY,500.00,61.64,璋ㄦ,48.27,61.21,1.90,澶,61.07,寮哄
2025/02/25 14:10,NFLX,926.62,988.47,璋ㄦ,34.17,15.05,1.21,绌,50.59,寮哄
2025/02/25 14:10,META,1001.52,668.13,璋ㄦ,41.01,16.80,0.89,绌,44.00,寮哄
2025/02/25 14:10,AMZN,900.13,212.71,璋ㄦ,38.67,43.89,1.09,绌,31.52,寮哄
2025/02/26 10:11,VOO,827.28,546.41,璋ㄦ,33.77,45.58,1.17,绌,41.52,寮哄
2025/02/26 10:11,QQQ,857.33,513.32,璋ㄦ,34.86,44.61,1.67,绌,39.43,寮哄
2025/02/26 10:11,XLK,591.05,228.51,璋ㄦ,37.09,50.66,1.27,绌,39.79,寮卞
2025/02/26 10:11,IGV,500.00,97.59,璋ㄦ,37.87,60.38,1.65,绌,33.86,寮哄
2025/02/26 10:11,NTES,981.89,99.61,璋ㄦ,41.07,37.97,0.70,绌,46.57,寮哄
2025/02/26 10:11,BIDU,500.00,89.02,璋ㄦ,41.19,78.09,0.50,绌,49.49,寮哄
2025/02/26 10:11,INTC,1089.81,22.99,涔板,65.59,70.00,0.73,澶,52.91,寮哄
2025/02/26 10:11,AAPL,1235.89,247.04,涔板,61.76,52.22,0.94,澶,62.91,寮卞
2025/02/26 10:11,TSLA,1058.49,302.80,涔板,60.51,68.60,1.70,绌,28.87,寮卞
2025/02/26 10:11,MSFT,500.00,397.90,璋ㄦ,43.20,66.18,1.18,绌,34.75,寮卞
2025/02/26 10:11,AMZN,901.52,212.80,璋ㄦ,38.36,43.63,1.40,绌,31.68,寮哄
2025/02/26 10:11,GOOGL,500.00,175.42,璋ㄦ,42.99,73.10,1.37,绌,33.02,寮卞
2025/02/26 10:11,NVDA,819.90,126.63,骞,48.91,52.22,0.99,澶,42.94,寮卞
2025/02/26 10:11,PLTR,500.00,87.84, || 瑙,22.16,77.30,1.15,绌,42.48,寮哄
2025/02/26 10:11,SONY,825.38,25.07,璋ㄦ,33.31,45.59,1.36,澶,74.45,寮哄
2025/02/26 10:11,QCOM,1405.37,161.22,璋ㄦ,52.48,39.53,1.03,绌,38.57,寮哄
2025/02/26 10:11,TSM,500.00,189.37,璋ㄦ,40.07,54.38,1.39,绌,36.19,寮卞
2025/02/26 10:11,SPOT,500.00,588.57,璋ㄦ,23.17,68.09,1.19,绌,52.03,寮哄
2025/02/26 10:11,KO,513.06,71.49,璋ㄦ,45.55,58.18,1.01,澶,75.03,寮哄
2025/02/26 10:11,MCD,1196.46,310.72,涔板,60.06,52.65,0.99,澶,67.03,寮哄
2025/02/26 10:11,TCEHY,500.00,62.53,璋ㄦ,46.66,59.93,0.21,澶,62.68,寮哄
2025/02/26 10:11,NFLX,939.88,977.24,璋ㄦ,36.23,16.39,1.28,绌,47.69,寮哄
2025/02/26 10:11,META,1061.96,657.50,璋ㄦ,43.65,18.56,1.19,绌,40.27,寮哄
2025/02/26 10:11,AMZN,901.52,212.80,璋ㄦ,38.36,43.63,1.40,绌,31.68,寮哄
2025/02/27 10:19,VOO,854.94,546.75,璋ㄦ,33.66,44.50,0.87,绌,41.98,寮哄
2025/02/27 10:19,QQQ,890.72,514.56,璋ㄦ,34.48,42.44,1.08,绌,40.67,寮哄
2025/02/27 10:19,XLK,839.02,231.00,璋ㄦ,35.45,45.43,0.95,绌,44.02,寮卞
2025/02/27 10:19,IGV,500.00,98.95,璋ㄦ,35.65,55.09,1.28,绌,38.67,寮哄
2025/02/27 10:19,NTES,948.02,101.27,璋ㄦ,38.52,36.63,1.03,绌,49.93,寮哄
2025/02/27 10:19,BIDU,500.00,89.16, || 瑙,35.83,77.92,0.73,绌,49.70,寮哄
2025/02/27 10:19,INTC,837.81,23.52,璋ㄦ,52.61,67.82,0.55,澶,54.99,寮哄
2025/02/27 10:19,AAPL,1089.07,240.36,璋ㄦ,56.10,53.24,0.90,澶,51.63,寮卞
2025/02/27 10:19,TSLA,1088.71,290.80,璋ㄦ,65.09,72.05,1.21,绌,26.70,寮卞
2025/02/27 10:19,MSFT,500.00,399.73,璋ㄦ,42.16,60.21,0.79,绌,36.77,寮卞
2025/02/27 10:19,AMZN,908.56,214.35,璋ㄦ,37.02,42.18,0.99,绌,34.41,寮哄
2025/02/27 10:19,GOOGL,500.00,172.73,璋ㄦ,44.79,72.67,1.13,绌,30.72,寮卞
2025/02/27 10:19,NVDA,917.97,131.28,璋ㄦ,33.61,31.62,1.17,绌,48.27,寮卞
2025/02/27 10:19,PLTR,500.00,89.31, || 瑙,20.50,75.99,0.81,绌,43.85,寮哄
2025/02/27 10:19,SONY,500.00,25.46,璋ㄦ,31.41,40.43,0.81,澶,76.60,寮哄
2025/02/27 10:19,QCOM,1365.12,162.10,璋ㄦ,51.56,39.25,0.92,绌,40.29,寮哄
2025/02/27 10:19,TSM,881.87,194.62,璋ㄦ,36.04,43.68,0.92,绌,42.41,寮卞
2025/02/27 10:19,SPOT,500.00,603.13,璋ㄦ,19.93,65.87,1.10,绌,56.31,寮哄
2025/02/27 10:19,KO,635.76,70.80,璋ㄦ,47.65,55.83,0.84,澶,70.08,寮哄
2025/02/27 10:19,MCD,898.59,304.27,璋ㄦ,53.55,57.74,1.24,澶,56.30,寮哄
2025/02/27 10:19,TCEHY,500.00,63.94,璋ㄦ,43.70,57.39,0.33,澶,65.15,寮哄
2025/02/27 10:19,NFLX,927.70,990.06,璋ㄦ,34.39,15.47,0.92,绌,51.14,寮哄
2025/02/27 10:19,META,984.64,673.70,璋ㄦ,40.02,16.20,0.85,绌,47.57,寮哄
2025/02/27 10:19,AMZN,908.56,214.35,璋ㄦ,37.02,42.18,0.99,绌,34.41,寮哄
2025/03/01 07:49,VOO,634.18,546.33,璋ㄦ,33.69,49.65,1.49,绌,44.62,寮哄
2025/03/01 07:49,QQQ,524.91,508.17,璋ㄦ,36.17,51.71,1.50,绌,39.70,寮哄
2025/03/01 07:49,XLK,500.00,225.53,璋ㄦ,38.76,56.58,1.59,绌,39.69,寮卞
2025/03/01 07:49,IGV,500.00,97.47,璋ㄦ,37.51,59.77,0.62,绌,37.44,寮哄
2025/03/01 07:49,NTES,989.16,99.72,璋ㄦ,40.88,30.06,0.93,绌,46.86,寮哄
2025/03/01 07:49,BIDU,500.00,86.45, || 瑙,39.92,80.35,0.46,绌,45.58,寮哄
2025/03/01 07:49,INTC,500.00,23.73,璋ㄦ,42.23,67.44,0.83,绌,55.59,寮哄
2025/03/01 07:49,AAPL,557.17,241.84,骞,45.25,54.89,1.17,澶,53.48,寮卞
2025/03/01 07:49,TSLA,837.50,292.98,璋ㄦ,52.53,73.24,1.38,绌,30.46,寮卞
2025/03/01 07:49,MSFT,999.90,396.99,璋ㄦ,42.50,40.72,1.37,绌,37.36,寮卞
2025/03/01 07:49,AMZN,779.80,212.28,璋ㄦ,37.84,47.43,1.23,绌,35.66,寮卞
2025/03/01 07:49,GOOGL,500.00,170.28,璋ㄦ,45.88,71.04,1.36,绌,30.79,寮卞
2025/03/01 07:49,NVDA,500.00,124.92,璋ㄦ,40.83,54.82,1.49,绌,43.93,寮卞
2025/03/01 07:49,PLTR,500.00,84.92, || 瑙,28.87,81.57,1.02,绌,40.79,寮哄
2025/03/01 07:49,SONY,1016.10,25.04,骞,45.51,45.46,0.66,澶,69.71,寮哄
2025/03/01 07:49,QCOM,654.16,157.17,骞,45.38,52.44,1.16,绌,36.94,寮哄
2025/03/01 07:50,TSM,518.98,180.53,璋ㄦ,46.24,62.47,1.75,绌,33.06,寮卞
2025/03/01 07:50,SPOT,500.00,608.01,璋ㄦ,19.99,65.96,1.82,绌,56.94,寮哄
2025/03/01 07:50,KO,661.18,71.21,骞,47.65,54.75,0.73,澶,71.37,寮哄
2025/03/01 07:50,MCD,822.33,308.33,璋ㄦ,51.96,58.14,1.04,澶,59.64,寮哄
2025/03/01 07:50,TCEHY,500.00,61.61,璋ㄦ,41.40,64.73,0.20,澶,58.00,寮哄
2025/03/01 07:50,NFLX,937.59,980.56,璋ㄦ,36.30,22.44,1.25,绌,49.11,寮哄
2025/03/01 07:50,META,941.66,668.20,璋ㄦ,36.50,17.29,1.06,绌,46.41,寮哄
2025/03/01 07:50,AMZN,779.80,212.28,璋ㄦ,37.84,47.43,1.23,绌,35.66,寮卞
2025/03/03 11:15,VOO,633.43,546.33,璋ㄦ,33.69,49.67,1.50,绌,44.62,寮哄
2025/03/03 11:15,QQQ,509.04,508.17,璋ㄦ,36.17,52.01,1.52,绌,39.70,寮哄
2025/03/03 11:15,XLK,500.00,225.53,璋ㄦ,38.76,56.59,1.73,绌,39.69,寮卞
2025/03/03 11:15,IGV,500.00,97.47,璋ㄦ,37.51,59.77,0.62,绌,37.44,寮哄
2025/03/03 11:15,NTES,989.15,99.72,璋ㄦ,40.88,30.08,1.10,绌,46.86,寮哄
2025/03/03 11:15,BIDU,500.00,86.45, || 瑙,39.92,80.37,0.46,绌,45.58,寮哄
2025/03/03 11:15,INTC,500.00,23.73,璋ㄦ,42.23,67.44,0.86,绌,55.59,寮哄
2025/03/03 11:15,AAPL,555.45,241.84,骞,45.25,54.95,1.18,澶,53.48,寮卞
2025/03/03 11:15,TSLA,837.53,292.98,璋ㄦ,52.53,73.28,1.39,绌,30.46,寮卞
2025/03/03 11:15,MSFT,999.79,396.99,璋ㄦ,42.50,40.74,1.41,绌,37.36,寮卞
2025/03/03 11:15,AMZN,778.77,212.28,璋ㄦ,37.84,47.45,1.26,绌,35.66,寮卞
2025/03/03 11:15,GOOGL,500.00,170.28,璋ㄦ,45.88,71.06,1.45,绌,30.79,寮卞
2025/03/03 11:15,NVDA,500.00,124.92,璋ㄦ,40.83,54.84,1.51,绌,43.93,寮卞
2025/03/03 11:15,PLTR,500.00,84.92, || 瑙,28.87,81.57,1.03,绌,40.79,寮哄
2025/03/03 11:15,SONY,1017.13,25.04,骞,45.51,45.43,0.66,澶,69.71,寮哄
2025/03/03 11:15,QCOM,650.57,157.17,骞,45.38,52.51,1.19,绌,36.94,寮哄
2025/03/03 11:15,TSM,518.93,180.53,璋ㄦ,46.24,62.49,1.88,绌,33.06,寮卞
2025/03/03 11:15,SPOT,500.00,608.01,璋ㄦ,19.99,65.96,1.82,绌,56.94,寮哄
2025/03/03 11:15,KO,659.77,71.21,骞,47.65,54.80,1.24,澶,71.37,寮哄
2025/03/03 11:15,MCD,822.19,308.33,璋ㄦ,51.96,58.16,1.41,澶,59.64,寮哄
2025/03/03 11:15,TCEHY,500.00,61.61,璋ㄦ,41.40,64.77,0.60,澶,58.00,寮哄
2025/03/03 11:15,NFLX,937.57,980.56,璋ㄦ,36.30,22.49,1.26,绌,49.11,寮哄
2025/03/03 11:15,META,941.66,668.20,璋ㄦ,36.50,17.29,1.10,绌,46.41,寮哄
2025/03/03 11:15,AMZN,778.77,212.28,璋ㄦ,37.84,47.45,1.26,绌,35.66,寮卞
2025/03/04 18:43,VOO,500.00,536.92,璋ㄦ,36.22,53.67,1.47,绌,37.58,寮哄
2025/03/04 18:43,QQQ,500.00,497.05,璋ㄦ,39.26,56.82,1.40,绌,34.13,寮哄
2025/03/04 18:43,XLK,500.00,218.67,璋ㄦ,43.01,63.75,1.51,绌,33.67,寮卞
2025/03/04 18:43,IGV,500.00,95.63,璋ㄦ,40.07,62.64,0.61,绌,34.02,寮哄
2025/03/04 18:43,NTES,1106.91,96.63,璋ㄦ,45.53,35.43,0.95,绌,41.20,寮哄
2025/03/04 18:43,BIDU,500.00,84.32,璋ㄦ,43.21,79.94,0.48,绌,42.53,寮哄
2025/03/04 18:43,INTC,655.29,22.74,璋ㄦ,49.20,72.33,1.15,绌,50.83,寮哄
2025/03/04 18:43,AAPL,500.00,238.03,璋ㄦ,37.72,57.63,1.04,绌,48.45,寮卞
2025/03/04 18:43,TSLA,1089.80,284.65,璋ㄦ,65.34,73.46,1.36,绌,28.81,寮卞
2025/03/04 18:43,MSFT,1009.81,388.49,骞,45.25,45.35,1.01,绌,32.55,寮卞
2025/03/04 18:43,AMZN,563.59,205.02,璋ㄦ,42.46,52.52,1.04,绌,30.09,寮卞
2025/03/04 18:43,GOOGL,1021.53,167.01,璋ㄦ,57.95,70.55,1.21,绌,28.24,寮卞
2025/03/04 18:43,NVDA,500.00,114.06,璋ㄦ,53.17,76.81,1.58,绌,36.56,寮卞
2025/03/04 18:43,PLTR,500.00,83.42, || 瑙,31.87,83.48,0.92,绌,39.68,寮哄
2025/03/04 18:43,SONY,708.28,24.59,璋ㄦ,39.14,49.02,0.62,澶,62.81,寮哄
2025/03/04 18:43,QCOM,670.76,153.62,璋ㄦ,48.20,55.43,1.11,绌,33.47,寮哄
2025/03/04 18:43,TSM,1068.98,172.97,涔板,61.57,69.29,2.35,绌,29.08,寮卞
2025/03/04 18:43,SPOT,500.00,599.86,璋ㄦ,22.89,67.97,0.63,绌,54.13,寮哄
2025/03/04 18:43,KO,657.04,72.32,骞,45.68,52.61,1.18,澶,74.59,寮哄
2025/03/04 18:43,MCD,500.00,304.29,璋ㄦ,43.34,59.20,1.21,绌,56.32,寮哄
2025/03/04 18:43,TCEHY,500.00,61.08,璋ㄦ,33.44,63.94,0.63,绌,56.45,寮哄
2025/03/04 18:43,NFLX,916.80,973.70,璋ㄦ,32.61,23.59,1.04,绌,47.44,寮哄
2025/03/04 18:43,META,976.06,655.05,璋ㄦ,39.61,19.40,0.70,绌,42.11,寮哄
2025/03/04 18:43,AMZN,563.59,205.02,璋ㄦ,42.46,52.52,1.04,绌,30.09,寮卞
2025/03/05 10:48,VOO,500.00,530.45,璋ㄦ,37.91,55.56,2.06,绌,33.65,寮哄
2025/03/05 10:48,QQQ,500.00,495.55,璋ㄦ,39.56,56.74,2.06,绌,33.44,寮哄
2025/03/05 10:48,XLK,500.00,218.50,璋ㄦ,42.95,62.99,2.09,绌,33.54,寮卞
2025/03/05 10:48,IGV,500.00,95.44,璋ㄦ,40.14,62.64,1.45,绌,33.68,寮哄
2025/03/05 10:48,NTES,955.28,100.60,璋ㄦ,39.41,38.25,1.28,绌,49.62,寮哄
2025/03/05 10:48,BIDU,500.00,87.15, || 瑙,38.35,77.29,0.73,绌,47.56,寮哄
2025/03/05 10:48,INTC,520.78,21.33,璋ㄦ,58.68,79.09,1.20,绌,44.92,寮哄
2025/03/05 10:48,AAPL,521.49,235.93,璋ㄦ,39.13,52.25,1.21,绌,45.89,寮卞
2025/03/05 10:48,TSLA,1097.47,272.04,璋ㄦ,70.11,74.84,1.46,绌,26.47,寮卞
2025/03/05 10:48,MSFT,1015.16,388.61,骞,44.92,44.72,1.28,绌,32.68,寮卞
2025/03/05 10:48,AMZN,992.21,203.80,骞,52.87,52.69,1.43,绌,29.26,寮卞
2025/03/05 10:48,GOOGL,500.00,170.92,璋ㄦ,44.24,72.19,1.32,绌,35.15,寮卞
2025/03/05 10:48,NVDA,750.19,115.99,璋ㄦ,50.89,74.19,1.53,绌,38.53,寮卞
2025/03/05 10:48,PLTR,500.00,84.40, || 瑙,30.66,82.57,0.94,绌,40.82,寮哄
2025/03/05 10:48,SONY,500.00,24.17,璋ㄦ,32.47,52.49,1.02,绌,57.12,寮哄
2025/03/05 10:48,QCOM,635.58,154.46,骞,47.18,54.90,1.03,绌,35.03,寮哄
2025/03/05 10:48,TSM,500.00,180.00,璋ㄦ,45.87,68.30,1.78,绌,36.71,寮卞
2025/03/05 10:48,SPOT,500.00,584.14, || 瑙,27.78,71.36,1.19,绌,49.11,寮哄
2025/03/05 10:48,KO,752.06,70.19,璋ㄦ,50.92,62.99,1.33,澶,60.52,寮哄
2025/03/05 10:48,MCD,500.00,305.77,璋ㄦ,42.81,58.77,1.08,绌,57.96,寮哄
2025/03/05 10:48,TCEHY,500.00,63.40,璋ㄦ,28.00,61.32,0.92,绌,61.32,寮哄
2025/03/05 10:48,NFLX,918.09,972.58,璋ㄦ,32.97,23.83,1.15,绌,47.16,寮哄
2025/03/05 10:48,META,1043.92,640.00,璋ㄦ,43.08,21.78,1.39,绌,37.79,寮哄
2025/03/05 10:48,AMZN,992.21,203.80,骞,52.87,52.69,1.43,绌,29.26,寮卞
